code,name,geography,area_sq_km,population,person_per_sq_km
E06000047,County Durham,Unitary Authority,2225.861,528127,237
E06000005,Darlington,Unitary Authority,197.4779,109469,554
E06000001,Hartlepool,Unitary Authority,93.71700000000001,93861,1002
E06000002,Middlesbrough,Unitary Authority,53.881800000000005,148285,2752
E06000057,Northumberland,Unitary Authority,5019.897800000001,324362,65
E06000003,Redcar and Cleveland,Unitary Authority,245.06959999999998,137175,560
E06000004,Stockton-on-Tees,Unitary Authority,204.9332,199966,976
E08000037,Gateshead,Metropolitan District,142.3392,197722,1389
E08000021,Newcastle upon Tyne,Metropolitan District,113.4515,307565,2711
E08000022,North Tyneside,Metropolitan District,82.3005,210487,2558
E08000023,South Tyneside,Metropolitan District,64.4205,148667,2308
E08000024,Sunderland,Metropolitan District,137.4364,277354,2018
E06000008,Blackburn with Darwen,Unitary Authority,137.0223,155762,1137
E06000009,Blackpool,Unitary Authority,34.8708,141574,4060
E06000049,Cheshire East,Unitary Authority,1166.3578,406527,349
E06000050,Cheshire West and Chester,Unitary Authority,920.018,361694,393
E06000063,Cumberland,Unitary Authority,3012.2075,275390,91
E06000006,Halton,Unitary Authority,79.0842,128964,1631
E06000007,Warrington,Unitary Authority,180.628,211580,1171
E06000064,Westmorland and Furness,Unitary Authority,3755.7383999999997,227643,61
E08000001,Bolton,Metropolitan District,139.7921,298903,2138
E08000002,Bury,Metropolitan District,99.46,194606,1957
E08000003,Manchester,Metropolitan District,115.6485,568996,4920
E08000004,Oldham,Metropolitan District,142.3448,243912,1714
E08000005,Rochdale,Metropolitan District,158.1283,226992,1435
E08000006,Salford,Metropolitan District,97.1974,278064,2861
E08000007,Stockport,Metropolitan District,126.0404,297107,2357
E08000008,Tameside,Metropolitan District,103.1542,232753,2256
E08000009,Trafford,Metropolitan District,106.04469999999999,236301,2228
E08000010,Wigan,Metropolitan District,188.1709,334110,1776
E07000117,Burnley,Non-metropolitan District,110.6839,95553,863
E07000118,Chorley,Non-metropolitan District,202.7622,118624,585
E07000119,Fylde,Non-metropolitan District,165.6975,83008,501
E07000120,Hyndburn,Non-metropolitan District,73.00659999999999,83213,1140
E07000121,Lancaster,Non-metropolitan District,566.9313999999999,144446,255
E07000122,Pendle,Non-metropolitan District,169.38,96110,567
E07000123,Preston,Non-metropolitan District,142.2842,151582,1065
E07000124,Ribble Valley,Non-metropolitan District,583.1764,63107,108
E07000125,Rossendale,Non-metropolitan District,138.0411,71169,516
E07000126,South Ribble,Non-metropolitan District,113.1417,112166,991
E07000127,West Lancashire,Non-metropolitan District,346.6333,119367,344
E07000128,Wyre,Non-metropolitan District,282.16450000000003,114809,407
E08000011,Knowsley,Metropolitan District,86.5001,157103,1816
E08000012,Liverpool,Metropolitan District,111.8358,496770,4442
E08000014,Sefton,Metropolitan District,156.5785,281027,1795
E08000013,St. Helens,Metropolitan District,136.3587,184728,1355
E08000015,Wirral,Metropolitan District,160.9219,322453,2004
E06000011,East Riding of Yorkshire,Unitary Authority,2403.5994,346309,144
E06000010,"Kingston upon Hull, City of",Unitary Authority,71.5837,268852,3756
E06000012,North East Lincolnshire,Unitary Authority,192.62290000000002,157754,819
E06000013,North Lincolnshire,Unitary Authority,846.5402,170042,201
E06000065,North Yorkshire,Unitary Authority,8037.3722,623501,78
E06000014,York,Unitary Authority,271.9312,204551,752
E08000016,Barnsley,Metropolitan District,329.0777,246482,749
E08000017,Doncaster,Metropolitan District,568.0064,311027,548
E08000018,Rotherham,Metropolitan District,286.5344,268354,937
E08000019,Sheffield,Metropolitan District,367.93019999999996,566242,1539
E08000032,Bradford,Metropolitan District,366.41970000000003,552644,1508
E08000033,Calderdale,Metropolitan District,363.9609,207699,571
E08000034,Kirklees,Metropolitan District,408.5516,437593,1071
E08000035,Leeds,Metropolitan District,551.7067,822483,1491
E08000036,Wakefield,Metropolitan District,338.6197,357729,1056
E06000015,Derby,Unitary Authority,78.0312,263490,3377
E06000016,Leicester,Unitary Authority,73.3422,373399,5091
E06000061,North Northamptonshire,Unitary Authority,986.5946,363408,368
E06000018,Nottingham,Unitary Authority,74.6134,328513,4403
E06000017,Rutland,Unitary Authority,381.8311,41151,108
E06000062,West Northamptonshire,Unitary Authority,1377.4108999999999,429013,311
E07000032,Amber Valley,Non-metropolitan District,265.4379,126944,478
E07000033,Bolsover,Non-metropolitan District,160.3346,81553,509
E07000034,Chesterfield,Non-metropolitan District,66.03529999999999,104110,1577
E07000035,Derbyshire Dales,Non-metropolitan District,792.4242999999999,71752,91
E07000036,Erewash,Non-metropolitan District,109.6301,113080,1031
E07000037,High Peak,Non-metropolitan District,539.1433999999999,91109,169
E07000038,North East Derbyshire,Non-metropolitan District,275.6237,103783,377
E07000039,South Derbyshire,Non-metropolitan District,338.12690000000003,111133,329
E07000129,Blaby,Non-metropolitan District,130.4687,104182,799
E07000130,Charnwood,Non-metropolitan District,279.0426,184748,662
E07000131,Harborough,Non-metropolitan District,591.7966,100481,170
E07000132,Hinckley and Bosworth,Non-metropolitan District,297.3514,114298,384
E07000133,Melton,Non-metropolitan District,481.38059999999996,52433,109
E07000134,North West Leicestershire,Non-metropolitan District,279.3279,107672,385
E07000135,Oadby and Wigston,Non-metropolitan District,23.5261,58341,2480
E07000136,Boston,Non-metropolitan District,364.00849999999997,70806,195
E07000137,East Lindsey,Non-metropolitan District,1766.7735999999998,144415,82
E07000138,Lincoln,Non-metropolitan District,35.6901,102545,2873
E07000139,North Kesteven,Non-metropolitan District,922.4714,119709,130
E07000140,South Holland,Non-metropolitan District,750.0762,96983,129
E07000141,South Kesteven,Non-metropolitan District,942.5857000000001,144249,153
E07000142,West Lindsey,Non-metropolitan District,1155.732,96817,84
E07000170,Ashfield,Non-metropolitan District,109.5581,127179,1161
E07000171,Bassetlaw,Non-metropolitan District,637.8035,120012,188
E07000172,Broxtowe,Non-metropolitan District,80.0988,112113,1400
E07000173,Gedling,Non-metropolitan District,119.9818,117730,981
E07000174,Mansfield,Non-metropolitan District,76.6974,111117,1449
E07000175,Newark and Sherwood,Non-metropolitan District,651.3403,125089,192
E07000176,Rushcliffe,Non-metropolitan District,409.2318,121582,297
E06000019,"Herefordshire, County of",Unitary Authority,2179.7085,188719,87
E06000051,Shropshire,Unitary Authority,3197.2756,327178,102
E06000021,Stoke-on-Trent,Unitary Authority,93.44850000000001,259965,2782
E06000020,Telford and Wrekin,Unitary Authority,290.3137,188871,651
E07000192,Cannock Chase,Non-metropolitan District,78.8825,101140,1282
E07000193,East Staffordshire,Non-metropolitan District,386.9593,125760,325
E07000194,Lichfield,Non-metropolitan District,331.2944,108352,327
E07000195,Newcastle-under-Lyme,Non-metropolitan District,210.9571,125297,594
E07000196,South Staffordshire,Non-metropolitan District,407.32239999999996,111527,274
E07000197,Stafford,Non-metropolitan District,598.1722,138670,232
E07000198,Staffordshire Moorlands,Non-metropolitan District,575.8498000000001,95899,167
E07000199,Tamworth,Non-metropolitan District,30.850700000000003,79639,2581
E07000218,North Warwickshire,Non-metropolitan District,284.2614,65946,232
E07000219,Nuneaton and Bedworth,Non-metropolitan District,78.9503,135481,1716
E07000220,Rugby,Non-metropolitan District,351.11330000000004,116436,332
E07000221,Stratford-on-Avon,Non-metropolitan District,977.8692,138583,142
E07000222,Warwick,Non-metropolitan District,282.8821,151158,534
E08000025,Birmingham,Metropolitan District,267.7912,1157603,4323
E08000026,Coventry,Metropolitan District,98.6392,355600,3605
E08000027,Dudley,Metropolitan District,97.95819999999999,324969,3317
E08000028,Sandwell,Metropolitan District,85.55879999999999,344210,4023
E08000029,Solihull,Metropolitan District,178.282,217678,1221
E08000030,Walsall,Metropolitan District,103.9736,286105,2752
E08000031,Wolverhampton,Metropolitan District,69.4366,267651,3855
E07000234,Bromsgrove,Non-metropolitan District,216.96830000000003,100076,461
E07000235,Malvern Hills,Non-metropolitan District,577.071,81024,140
E07000236,Redditch,Non-metropolitan District,54.2509,87132,1606
E07000237,Worcester,Non-metropolitan District,33.2781,104120,3129
E07000238,Wychavon,Non-metropolitan District,663.5418,134536,203
E07000239,Wyre Forest,Non-metropolitan District,195.40380000000002,102328,524
E06000055,Bedford,Unitary Authority,476.4082,187466,393
E06000056,Central Bedfordshire,Unitary Authority,715.6655000000001,301501,421
E06000032,Luton,Unitary Authority,43.3526,226973,5236
E06000031,Peterborough,Unitary Authority,343.3782,217705,634
E06000033,Southend-on-Sea,Unitary Authority,41.6742,180915,4341
E06000034,Thurrock,Unitary Authority,163.8371,176877,1080
E07000008,Cambridge,Non-metropolitan District,40.6989,146995,3612
E07000009,East Cambridgeshire,Non-metropolitan District,651.286,89394,137
E07000010,Fenland,Non-metropolitan District,546.4502,103035,189
E07000011,Huntingdonshire,Non-metropolitan District,906.176,184052,203
E07000012,South Cambridgeshire,Non-metropolitan District,901.6246000000001,165633,184
E07000066,Basildon,Non-metropolitan District,110.001,188848,1717
E07000067,Braintree,Non-metropolitan District,611.7079,157681,258
E07000068,Brentwood,Non-metropolitan District,153.1241,77332,505
E07000069,Castle Point,Non-metropolitan District,44.673500000000004,89731,2009
E07000070,Chelmsford,Non-metropolitan District,338.75800000000004,183326,541
E07000071,Colchester,Non-metropolitan District,328.2239,194394,592
E07000072,Epping Forest,Non-metropolitan District,338.98400000000004,134989,398
E07000073,Harlow,Non-metropolitan District,30.5379,94409,3092
E07000074,Maldon,Non-metropolitan District,357.8158,67554,189
E07000075,Rochford,Non-metropolitan District,167.0927,87216,522
E07000076,Tendring,Non-metropolitan District,336.3244,151451,450
E07000077,Uttlesford,Non-metropolitan District,641.1825,92578,144
E07000095,Broxbourne,Non-metropolitan District,51.4422,99103,1926
E07000096,Dacorum,Non-metropolitan District,212.47619999999998,156123,735
E07000242,East Hertfordshire,Non-metropolitan District,475.66949999999997,151635,319
E07000098,Hertsmere,Non-metropolitan District,101.12809999999999,108106,1069
E07000099,North Hertfordshire,Non-metropolitan District,375.3821,134159,357
E07000240,St Albans,Non-metropolitan District,161.2059,148358,920
E07000243,Stevenage,Non-metropolitan District,25.9692,89737,3456
E07000102,Three Rivers,Non-metropolitan District,88.8242,94123,1060
E07000103,Watford,Non-metropolitan District,21.4304,103031,4808
E07000241,Welwyn Hatfield,Non-metropolitan District,129.5369,120213,928
E07000143,Breckland,Non-metropolitan District,1305.1166,143479,110
E07000144,Broadland,Non-metropolitan District,552.0608,133872,242
E07000145,Great Yarmouth,Non-metropolitan District,174.31419999999997,99862,573
E07000146,King's Lynn and West Norfolk,Non-metropolitan District,1439.5227,155741,108
E07000147,North Norfolk,Non-metropolitan District,965.9669,103227,107
E07000148,Norwich,Non-metropolitan District,39.0222,144525,3704
E07000149,South Norfolk,Non-metropolitan District,907.5764999999999,144593,159
E07000200,Babergh,Non-metropolitan District,593.7241,94277,159
E07000244,East Suffolk,Non-metropolitan District,1260.9896,247080,196
E07000202,Ipswich,Non-metropolitan District,39.509699999999995,139247,3524
E07000203,Mid Suffolk,Non-metropolitan District,871.0708,105723,121
E07000245,West Suffolk,Non-metropolitan District,1034.6755,182228,176
E09000007,Camden,London Borough,21.789499999999997,218049,10007
E09000001,City of London,London Borough,2.8904,10847,3753
E09000012,Hackney,London Borough,19.0471,261491,13729
E09000013,Hammersmith and Fulham,London Borough,16.403599999999997,185238,11293
E09000014,Haringey,London Borough,29.598499999999998,261811,8845
E09000019,Islington,London Borough,14.8567,220373,14833
E09000020,Kensington and Chelsea,London Borough,12.1257,146154,12053
E09000022,Lambeth,London Borough,26.808000000000003,316812,11818
E09000023,Lewisham,London Borough,35.1483,298653,8497
E09000025,Newham,London Borough,36.198,358645,9908
E09000028,Southwark,London Borough,28.8765,311913,10802
E09000030,Tower Hamlets,London Borough,19.771,325789,16478
E09000032,Wandsworth,London Borough,34.257,329035,9605
E09000033,Westminster,London Borough,21.4771,211365,9841
E09000002,Barking and Dagenham,London Borough,36.1015,219992,6094
E09000003,Barnet,London Borough,86.7481,389101,4485
E09000004,Bexley,London Borough,60.5784,247835,4091
E09000005,Brent,London Borough,43.233000000000004,341221,7893
E09000006,Bromley,London Borough,150.1303,329578,2195
E09000008,Croydon,London Borough,86.49680000000001,392224,4535
E09000009,Ealing,London Borough,55.5445,369937,6660
E09000010,Enfield,London Borough,80.8308,327224,4048
E09000011,Greenwich,London Borough,47.306999999999995,291080,6153
E09000015,Harrow,London Borough,50.4635,261185,5176
E09000016,Havering,London Borough,112.3414,264703,2356
E09000017,Hillingdon,London Borough,115.70049999999999,310681,2685
E09000018,Hounslow,London Borough,55.970299999999995,290488,5190
E09000021,Kingston upon Thames,London Borough,37.2652,168302,4516
E09000024,Merton,London Borough,37.6248,214709,5707
E09000026,Redbridge,London Borough,56.4035,310911,5512
E09000027,Richmond upon Thames,London Borough,57.393699999999995,194894,3396
E09000029,Sutton,London Borough,43.84270000000001,210053,4791
E09000031,Waltham Forest,London Borough,38.8082,275887,7109
E06000036,Bracknell Forest,Unitary Authority,109.3843,126881,1160
E06000043,Brighton and Hove,Unitary Authority,82.833,277965,3356
E06000046,Isle of Wight,Unitary Authority,379.6199,140794,371
E06000035,Medway,Unitary Authority,193.71419999999998,282702,1459
E06000042,Milton Keynes,Unitary Authority,308.6265,292180,947
E06000044,Portsmouth,Unitary Authority,40.3816,208420,5161
E06000038,Reading,Unitary Authority,40.3979,174820,4327
E06000039,Slough,Unitary Authority,32.5421,159182,4892
E06000045,Southampton,Unitary Authority,49.8807,252689,5066
E06000037,West Berkshire,Unitary Authority,704.1828999999999,162215,230
E06000040,Windsor and Maidenhead,Unitary Authority,196.50169999999997,154738,787
E06000041,Wokingham,Unitary Authority,178.96900000000002,180967,1011
E06000060,Buckinghamshire,Unitary Authority,1564.9377,560409,358
E07000061,Eastbourne,Non-metropolitan District,44.1614,102247,2315
E07000062,Hastings,Non-metropolitan District,29.7964,90622,3041
E07000063,Lewes,Non-metropolitan District,292.107,100677,345
E07000064,Rother,Non-metropolitan District,509.4414,94162,185
E07000065,Wealden,Non-metropolitan District,833.1257,163012,196
E07000084,Basingstoke and Deane,Non-metropolitan District,633.8086,187817,296
E07000085,East Hampshire,Non-metropolitan District,514.4274,127319,247
E07000086,Eastleigh,Non-metropolitan District,79.69149999999999,138935,1743
E07000087,Fareham,Non-metropolitan District,74.2526,114547,1543
E07000088,Gosport,Non-metropolitan District,25.3739,82285,3243
E07000089,Hart,Non-metropolitan District,215.2651,100910,469
E07000090,Havant,Non-metropolitan District,55.7408,124854,2240
E07000091,New Forest,Non-metropolitan District,752.1755,175942,234
E07000092,Rushmoor,Non-metropolitan District,39.045100000000005,101060,2588
E07000093,Test Valley,Non-metropolitan District,627.6055,132871,212
E07000094,Winchester,Non-metropolitan District,660.9707000000001,130268,197
E07000105,Ashford,Non-metropolitan District,580.6174,135610,234
E07000106,Canterbury,Non-metropolitan District,308.7527,157550,510
E07000107,Dartford,Non-metropolitan District,72.72579999999999,118820,1634
E07000108,Dover,Non-metropolitan District,315.3378,117473,373
E07000112,Folkestone and Hythe,Non-metropolitan District,356.9211,110237,309
E07000109,Gravesham,Non-metropolitan District,98.9913,106970,1081
E07000110,Maidstone,Non-metropolitan District,393.3293,180428,459
E07000111,Sevenoaks,Non-metropolitan District,369.23080000000004,121106,328
E07000113,Swale,Non-metropolitan District,373.43660000000006,154619,414
E07000114,Thanet,Non-metropolitan District,103.6091,140689,1358
E07000115,Tonbridge and Malling,Non-metropolitan District,240.11450000000002,133661,557
E07000116,Tunbridge Wells,Non-metropolitan District,331.3287,116028,350
E07000177,Cherwell,Non-metropolitan District,588.7454,164155,279
E07000178,Oxford,Non-metropolitan District,45.602700000000006,163257,3580
E07000179,South Oxfordshire,Non-metropolitan District,678.4922,151820,224
E07000180,Vale of White Horse,Non-metropolitan District,577.6639,142116,246
E07000181,West Oxfordshire,Non-metropolitan District,714.4221000000001,116928,164
E07000207,Elmbridge,Non-metropolitan District,95.0521,140024,1473
E07000208,Epsom and Ewell,Non-metropolitan District,34.0791,81184,2382
E07000209,Guildford,Non-metropolitan District,270.9311,145673,538
E07000210,Mole Valley,Non-metropolitan District,258.3213,87769,340
E07000211,Reigate and Banstead,Non-metropolitan District,129.1439,153629,1190
E07000212,Runnymede,Non-metropolitan District,78.0407,88524,1134
E07000213,Spelthorne,Non-metropolitan District,44.888000000000005,103551,2307
E07000214,Surrey Heath,Non-metropolitan District,95.09299999999999,91237,959
E07000215,Tandridge,Non-metropolitan District,248.19459999999998,88707,357
E07000216,Waverley,Non-metropolitan District,345.17019999999997,130063,377
E07000217,Woking,Non-metropolitan District,63.603500000000004,104179,1638
E07000223,Adur,Non-metropolitan District,42.0656,64688,1538
E07000224,Arun,Non-metropolitan District,220.99099999999999,166366,753
E07000225,Chichester,Non-metropolitan District,786.195,126103,160
E07000226,Crawley,Non-metropolitan District,44.971199999999996,119509,2657
E07000227,Horsham,Non-metropolitan District,530.2785,148696,280
E07000228,Mid Sussex,Non-metropolitan District,334.0295,154930,464
E07000229,Worthing,Non-metropolitan District,32.520900000000005,112044,3445
E06000022,Bath and North East Somerset,Unitary Authority,345.8783,195618,566
E06000058,"Bournemouth, Christchurch and Poole",Unitary Authority,162.07,401898,2480
E06000023,"Bristol, City of",Unitary Authority,109.66680000000001,479024,4368
E06000052,Cornwall,Unitary Authority,3545.4344,575413,162
E06000059,Dorset,Unitary Authority,2490.9567,383274,154
E06000053,Isles of Scilly,Unitary Authority,16.3177,2281,140
E06000024,North Somerset,Unitary Authority,373.7493,219145,586
E06000026,Plymouth,Unitary Authority,79.8496,266862,3342
E06000066,Somerset,Unitary Authority,3450.2893,576852,167
E06000025,South Gloucestershire,Unitary Authority,497.05080000000004,294765,593
E06000030,Swindon,Unitary Authority,230.09330000000003,235657,1024
E06000027,Torbay,Unitary Authority,62.8869,139479,2218
E06000054,Wiltshire,Unitary Authority,3255.3379999999997,515885,158
E07000040,East Devon,Non-metropolitan District,814.2384,154500,190
E07000041,Exeter,Non-metropolitan District,47.033100000000005,134939,2869
E07000042,Mid Devon,Non-metropolitan District,912.9008,83786,92
E07000043,North Devon,Non-metropolitan District,1085.8924,100505,93
E07000044,South Hams,Non-metropolitan District,886.5469,89812,101
E07000045,Teignbridge,Non-metropolitan District,673.7596000000001,135952,202
E07000046,Torridge,Non-metropolitan District,983.8005,68635,70
E07000047,West Devon,Non-metropolitan District,1159.6722,58190,50
E07000078,Cheltenham,Non-metropolitan District,46.596000000000004,119434,2563
E07000079,Cotswold,Non-metropolitan District,1164.5244,91311,78
E07000080,Forest of Dean,Non-metropolitan District,525.9019999999999,87937,167
E07000081,Gloucester,Non-metropolitan District,40.553000000000004,133522,3293
E07000082,Stroud,Non-metropolitan District,460.5423,123205,268
E07000083,Tewkesbury,Non-metropolitan District,414.4144,97000,234
W06000001,Isle of Anglesey,Unitary Authority,712.0650999999999,69049,97
W06000002,Gwynedd,Unitary Authority,2535.1434,117591,46
W06000003,Conwy,Unitary Authority,1125.8225,114290,102
W06000004,Denbighshire,Unitary Authority,836.9177000000001,96558,115
W06000005,Flintshire,Unitary Authority,439.8302,155319,353
W06000006,Wrexham,Unitary Authority,503.7737,135394,269
W06000023,Powys,Unitary Authority,5180.6708,133891,26
W06000008,Ceredigion,Unitary Authority,1784.9805999999999,71610,40
W06000009,Pembrokeshire,Unitary Authority,1618.3444,124367,77
W06000010,Carmarthenshire,Unitary Authority,2370.2764,189117,80
W06000011,Swansea,Unitary Authority,377.61449999999996,241282,639
W06000012,Neath Port Talbot,Unitary Authority,441.24449999999996,142158,322
W06000013,Bridgend,Unitary Authority,250.7854,146136,583
W06000014,Vale of Glamorgan,Unitary Authority,331.1487,133492,403
W06000015,Cardiff,Unitary Authority,140.9144,372089,2641
W06000016,Rhondda Cynon Taf,Unitary Authority,424.1501,239018,564
W06000024,Merthyr Tydfil,Unitary Authority,111.4462,58883,528
W06000018,Caerphilly,Unitary Authority,277.3877,176130,635
W06000019,Blaenau Gwent,Unitary Authority,108.728,67014,616
W06000020,Torfaen,Unitary Authority,125.6984,92860,739
W06000021,Monmouthshire,Unitary Authority,849.1441,93886,111
W06000022,Newport,Unitary Authority,190.4312,161506,848
S12000033,Aberdeen City,Council Area,185.5713,224190,1208
S12000034,Aberdeenshire,Council Area,6312.6277,263750,42
S12000041,Angus,Council Area,2181.4523,114660,53
S12000035,Argyll and Bute,Council Area,6906.8251,87920,13
S12000036,City of Edinburgh,Council Area,263.395,514990,1955
S12000005,Clackmannanshire,Council Area,159.185,51750,325
S12000006,Dumfries and Galloway,Council Area,6425.834699999999,145770,23
S12000042,Dundee City,Council Area,59.8005,148350,2481
S12000008,East Ayrshire,Council Area,1262.1315,120390,95
S12000045,East Dunbartonshire,Council Area,174.4891,108980,625
S12000010,East Lothian,Council Area,679.2405,112450,166
S12000011,East Renfrewshire,Council Area,174.24740000000003,97160,558
S12000014,Falkirk,Council Area,297.1374,158450,533
S12000047,Fife,Council Area,1325.1903,371340,280
S12000049,Glasgow City,Council Area,174.6221,622820,3567
S12000017,Highland,Council Area,25653.0881,235710,9
S12000018,Inverclyde,Council Area,160.4385,78340,488
S12000019,Midlothian,Council Area,353.68230000000005,97030,274
S12000020,Moray,Council Area,2237.5557,94280,42
S12000013,Na h-Eileanan Siar,Council Area,3055.5359000000003,26120,9
S12000021,North Ayrshire,Council Area,885.2845,133490,151
S12000050,North Lanarkshire,Council Area,469.99150000000003,340930,725
S12000023,Orkney Islands,Council Area,990.4889999999999,22020,22
S12000048,Perth and Kinross,Council Area,5285.6047,151120,29
S12000038,Renfrewshire,Council Area,261.49080000000004,184340,705
S12000026,Scottish Borders,Council Area,4731.7677,116820,25
S12000027,Shetland Islands,Council Area,1467.4775,23020,16
S12000028,South Ayrshire,Council Area,1222.2264,111560,91
S12000029,South Lanarkshire,Council Area,1771.8859,327430,185
S12000030,Stirling,Council Area,2186.1581,92530,42
S12000039,West Dunbartonshire,Council Area,158.7649,88270,556
S12000040,West Lothian,Council Area,427.7393,181720,425
N09000001,Antrim and Newtownabbey,Local Government District,571.4315,146148,256
N09000011,Ards and North Down,Local Government District,458.3476,164223,358
N09000002,"Armagh City, Banbridge and Craigavon",Local Government District,1331.6752,220271,165
N09000003,Belfast,Local Government District,132.9638,348005,2617
N09000004,Causeway Coast and Glens,Local Government District,1979.5816,141316,71
N09000005,Derry City and Strabane,Local Government District,1237.3,150836,122
N09000006,Fermanagh and Omagh,Local Government District,2835.9389,116994,41
N09000007,Lisburn and Castlereagh,Local Government District,503.57599999999996,149915,298
N09000008,Mid and East Antrim,Local Government District,1044.5278,139200,133
N09000009,Mid Ulster,Local Government District,1823.0343,151001,83
N09000010,"Newry, Mourne and Down",Local Government District,1628.2772,182634,112
